trial_id,method,success,travel_time_s,deadlocks,proxemic_violations,mesh_packets,replan_cycles,avg_replan_latency_ms
1,D2RO (SW-DGO Proposed),1,42.2,0,0,74,351,0.052
1,Static A*,1,18.0,0,133,0,0,0.001
1,Reactive Avoidance (Potential Field),1,37.55,0,175,0,0,0.004
1,Reactive ORCA (Velocity Obstacles),0,180.0,0,0,0,0,0.006
1,Decentralized Local MAPF,0,180.0,0,133,0,107,0.001
2,D2RO (SW-DGO Proposed),1,42.8,0,0,72,446,0.051
2,Static A*,1,18.0,0,123,0,0,0.001
2,Reactive Avoidance (Potential Field),1,37.55,0,164,0,0,0.004
2,Reactive ORCA (Velocity Obstacles),0,180.0,0,0,0,0,0.005
2,Decentralized Local MAPF,0,180.0,0,251,0,107,0.001
3,D2RO (SW-DGO Proposed),1,41.4,0,0,75,534,0.105
3,Static A*,1,18.0,0,122,0,0,0.001
3,Reactive Avoidance (Potential Field),1,36.8,0,157,0,0,0.004
3,Reactive ORCA (Velocity Obstacles),0,180.0,0,160,0,0,0.005
3,Decentralized Local MAPF,0,180.0,0,121,0,107,0.001
4,D2RO (SW-DGO Proposed),1,59.95,0,0,72,496,0.055
4,Static A*,1,18.0,0,123,0,0,0.001
4,Reactive Avoidance (Potential Field),1,37.7,0,303,0,0,0.004
4,Reactive ORCA (Velocity Obstacles),0,180.0,0,46,0,0,0.006
4,Decentralized Local MAPF,0,180.0,0,123,0,107,0.001
5,D2RO (SW-DGO Proposed),1,44.35,0,0,72,447,0.113
5,Static A*,1,18.0,0,131,0,0,0.001
5,Reactive Avoidance (Potential Field),1,37.8,0,190,0,0,0.005
5,Reactive ORCA (Velocity Obstacles),0,180.0,0,719,0,0,0.006
5,Decentralized Local MAPF,0,180.0,0,129,0,107,0.001
6,D2RO (SW-DGO Proposed),1,48.6,0,0,72,398,0.085
6,Static A*,1,18.0,0,118,0,0,0.001
6,Reactive Avoidance (Potential Field),1,36.95,0,203,0,0,0.004
6,Reactive ORCA (Velocity Obstacles),0,180.0,0,480,0,0,0.006
6,Decentralized Local MAPF,0,180.0,0,119,0,107,0.001
7,D2RO (SW-DGO Proposed),1,60.05,0,0,73,593,0.062
7,Static A*,1,18.0,0,130,0,0,0.001
7,Reactive Avoidance (Potential Field),1,37.6,0,231,0,0,0.004
7,Reactive ORCA (Velocity Obstacles),0,180.0,0,539,0,0,0.006
7,Decentralized Local MAPF,0,180.0,0,157,0,107,0.001
8,D2RO (SW-DGO Proposed),1,43.35,0,0,72,387,0.116
8,Static A*,1,18.0,0,121,0,0,0.003
8,Reactive Avoidance (Potential Field),1,37.55,0,275,0,0,0.009
8,Reactive ORCA (Velocity Obstacles),0,180.0,0,659,0,0,0.015
8,Decentralized Local MAPF,0,180.0,0,120,0,107,0.002
9,D2RO (SW-DGO Proposed),1,40.05,0,0,73,485,0.123
9,Static A*,1,18.0,0,121,0,0,0.004
9,Reactive Avoidance (Potential Field),1,37.6,0,254,0,0,0.014
9,Reactive ORCA (Velocity Obstacles),0,180.0,0,232,0,0,0.014
9,Decentralized Local MAPF,0,180.0,0,118,0,107,0.002
10,D2RO (SW-DGO Proposed),1,40.9,0,0,73,498,0.155
10,Static A*,1,18.0,0,116,0,0,0.003
10,Reactive Avoidance (Potential Field),1,37.55,0,335,0,0,0.011
10,Reactive ORCA (Velocity Obstacles),0,180.0,0,0,0,0,0.015
10,Decentralized Local MAPF,0,180.0,0,120,0,107,0.002
11,D2RO (SW-DGO Proposed),1,42.65,0,0,73,524,0.118
11,Static A*,1,18.0,0,124,0,0,0.003
11,Reactive Avoidance (Potential Field),1,37.6,0,216,0,0,0.012
11,Reactive ORCA (Velocity Obstacles),0,180.0,0,0,0,0,0.015
11,Decentralized Local MAPF,0,180.0,0,123,0,107,0.002
12,D2RO (SW-DGO Proposed),1,60.85,0,0,75,590,0.198
12,Static A*,1,18.0,0,124,0,0,0.003
12,Reactive Avoidance (Potential Field),1,37.05,0,227,0,0,0.009
12,Reactive ORCA (Velocity Obstacles),0,180.0,0,274,0,0,0.015
12,Decentralized Local MAPF,0,180.0,0,125,0,107,0.003
13,D2RO (SW-DGO Proposed),1,52.65,0,0,70,437,0.191
13,Static A*,1,18.0,0,131,0,0,0.003
13,Reactive Avoidance (Potential Field),1,37.4,0,315,0,0,0.009
13,Reactive ORCA (Velocity Obstacles),0,180.0,0,1565,0,0,0.014
13,Decentralized Local MAPF,0,180.0,0,131,0,107,0.003
14,D2RO (SW-DGO Proposed),1,42.2,0,0,74,398,0.157
14,Static A*,1,18.0,0,120,0,0,0.003
14,Reactive Avoidance (Potential Field),1,37.25,0,306,0,0,0.012
14,Reactive ORCA (Velocity Obstacles),0,180.0,0,0,0,0,0.012
14,Decentralized Local MAPF,0,180.0,0,122,0,107,0.002
15,D2RO (SW-DGO Proposed),1,63.0,0,0,64,499,0.157
15,Static A*,1,18.0,0,141,0,0,0.005
15,Reactive Avoidance (Potential Field),1,37.35,0,366,0,0,0.012
15,Reactive ORCA (Velocity Obstacles),0,180.0,0,0,0,0,0.017
15,Decentralized Local MAPF,0,180.0,0,137,0,107,0.003
16,D2RO (SW-DGO Proposed),1,42.2,0,0,72,325,0.093
16,Static A*,1,18.0,0,133,0,0,0.004
16,Reactive Avoidance (Potential Field),1,37.45,0,239,0,0,0.009
16,Reactive ORCA (Velocity Obstacles),0,180.0,0,0,0,0,0.014
16,Decentralized Local MAPF,0,180.0,0,131,0,107,0.002
17,D2RO (SW-DGO Proposed),1,57.55,0,0,72,465,0.201
17,Static A*,1,18.0,0,117,0,0,0.005
17,Reactive Avoidance (Potential Field),1,37.55,0,157,0,0,0.018
17,Reactive ORCA (Velocity Obstacles),0,180.0,0,334,0,0,0.016
17,Decentralized Local MAPF,0,180.0,0,209,0,107,0.003
18,D2RO (SW-DGO Proposed),1,24.8,0,0,85,438,0.166
18,Static A*,1,18.0,0,130,0,0,0.005
18,Reactive Avoidance (Potential Field),1,38.4,0,390,0,0,0.009
18,Reactive ORCA (Velocity Obstacles),0,180.0,0,0,0,0,0.013
18,Decentralized Local MAPF,0,180.0,0,129,0,107,0.002
19,D2RO (SW-DGO Proposed),1,33.65,0,0,86,573,0.177
19,Static A*,1,18.0,0,127,0,0,0.004
19,Reactive Avoidance (Potential Field),1,37.5,0,164,0,0,0.009
19,Reactive ORCA (Velocity Obstacles),0,180.0,0,1455,0,0,0.012
19,Decentralized Local MAPF,0,180.0,0,125,0,107,0.002
20,D2RO (SW-DGO Proposed),1,41.95,0,0,73,469,0.122
20,Static A*,1,18.0,0,123,0,0,0.005
20,Reactive Avoidance (Potential Field),1,37.85,0,344,0,0,0.014
20,Reactive ORCA (Velocity Obstacles),0,180.0,0,241,0,0,0.013
20,Decentralized Local MAPF,0,180.0,0,119,0,107,0.002
21,D2RO (SW-DGO Proposed),1,44.35,0,0,72,401,0.113
21,Static A*,1,18.0,0,134,0,0,0.003
21,Reactive Avoidance (Potential Field),1,36.45,0,313,0,0,0.017
21,Reactive ORCA (Velocity Obstacles),0,180.0,0,183,0,0,0.013
21,Decentralized Local MAPF,0,180.0,0,132,0,107,0.002
22,D2RO (SW-DGO Proposed),1,42.6,0,0,74,325,0.151
22,Static A*,1,18.0,0,131,0,0,0.003
22,Reactive Avoidance (Potential Field),1,37.35,0,177,0,0,0.009
22,Reactive ORCA (Velocity Obstacles),0,180.0,0,203,0,0,0.015
22,Decentralized Local MAPF,0,180.0,0,132,0,107,0.002
23,D2RO (SW-DGO Proposed),1,49.85,0,0,72,438,0.131
23,Static A*,1,18.0,0,134,0,0,0.003
23,Reactive Avoidance (Potential Field),1,37.35,0,187,0,0,0.009
23,Reactive ORCA (Velocity Obstacles),0,180.0,0,0,0,0,0.015
23,Decentralized Local MAPF,0,180.0,0,134,0,107,0.002
24,D2RO (SW-DGO Proposed),1,42.8,0,0,75,398,0.172
24,Static A*,1,18.0,0,133,0,0,0.003
24,Reactive Avoidance (Potential Field),1,36.75,0,227,0,0,0.01
24,Reactive ORCA (Velocity Obstacles),0,180.0,0,1138,0,0,0.016
24,Decentralized Local MAPF,0,180.0,0,129,0,107,0.003
25,D2RO (SW-DGO Proposed),1,42.8,0,0,74,392,0.21
25,Static A*,1,18.0,0,122,0,0,0.003
25,Reactive Avoidance (Potential Field),1,37.5,0,146,0,0,0.008
25,Reactive ORCA (Velocity Obstacles),0,180.0,0,437,0,0,0.012
25,Decentralized Local MAPF,0,180.0,0,123,0,107,0.003
26,D2RO (SW-DGO Proposed),1,54.9,0,0,70,498,0.098
26,Static A*,1,18.0,0,123,0,0,0.003
26,Reactive Avoidance (Potential Field),1,37.5,0,175,0,0,0.008
26,Reactive ORCA (Velocity Obstacles),0,180.0,0,909,0,0,0.013
26,Decentralized Local MAPF,0,180.0,0,117,0,107,0.002
27,D2RO (SW-DGO Proposed),1,44.35,0,0,72,364,0.227
27,Static A*,1,18.0,0,122,0,0,0.003
27,Reactive Avoidance (Potential Field),1,37.55,0,137,0,0,0.009
27,Reactive ORCA (Velocity Obstacles),0,180.0,0,343,0,0,0.013
27,Decentralized Local MAPF,0,180.0,0,120,0,107,0.003
28,D2RO (SW-DGO Proposed),1,42.2,0,0,74,384,0.252
28,Static A*,1,18.0,0,130,0,0,0.003
28,Reactive Avoidance (Potential Field),1,37.45,0,171,0,0,0.012
28,Reactive ORCA (Velocity Obstacles),0,180.0,0,0,0,0,0.014
28,Decentralized Local MAPF,0,180.0,0,129,0,107,0.003
29,D2RO (SW-DGO Proposed),1,42.4,0,0,74,349,0.156
29,Static A*,1,18.0,0,129,0,0,0.003
29,Reactive Avoidance (Potential Field),1,37.2,0,213,0,0,0.01
29,Reactive ORCA (Velocity Obstacles),0,180.0,0,1692,0,0,0.013
29,Decentralized Local MAPF,0,180.0,0,125,0,107,0.002
30,D2RO (SW-DGO Proposed),1,62.7,0,0,70,434,0.105
30,Static A*,1,18.0,0,141,0,0,0.003
30,Reactive Avoidance (Potential Field),1,37.4,0,186,0,0,0.01
30,Reactive ORCA (Velocity Obstacles),0,180.0,0,0,0,0,0.013
30,Decentralized Local MAPF,0,180.0,0,139,0,107,0.003
31,D2RO (SW-DGO Proposed),1,51.15,0,0,70,415,0.104
31,Static A*,1,18.0,0,133,0,0,0.003
31,Reactive Avoidance (Potential Field),1,37.2,0,183,0,0,0.013
31,Reactive ORCA (Velocity Obstacles),0,180.0,0,0,0,0,0.014
31,Decentralized Local MAPF,0,180.0,0,131,0,107,0.003
32,D2RO (SW-DGO Proposed),1,44.35,0,0,72,331,0.14
32,Static A*,1,18.0,0,129,0,0,0.003
32,Reactive Avoidance (Potential Field),1,37.55,0,316,0,0,0.009
32,Reactive ORCA (Velocity Obstacles),0,180.0,0,0,0,0,0.014
32,Decentralized Local MAPF,0,180.0,0,127,0,107,0.003
33,D2RO (SW-DGO Proposed),1,95.35,0,124,100,846,0.143
33,Static A*,1,18.0,0,123,0,0,0.003
33,Reactive Avoidance (Potential Field),1,37.55,0,146,0,0,0.009
33,Reactive ORCA (Velocity Obstacles),0,180.0,0,0,0,0,0.018
33,Decentralized Local MAPF,0,180.0,0,121,0,107,0.003
34,D2RO (SW-DGO Proposed),1,42.2,0,0,72,482,0.187
34,Static A*,1,18.0,0,127,0,0,0.005
34,Reactive Avoidance (Potential Field),1,37.5,0,215,0,0,0.012
34,Reactive ORCA (Velocity Obstacles),0,180.0,0,44,0,0,0.015
34,Decentralized Local MAPF,0,180.0,0,126,0,107,0.002
35,D2RO (SW-DGO Proposed),1,27.0,0,0,86,363,0.147
35,Static A*,1,18.0,0,123,0,0,0.003
35,Reactive Avoidance (Potential Field),1,37.55,0,182,0,0,0.009
35,Reactive ORCA (Velocity Obstacles),0,180.0,0,711,0,0,0.016
35,Decentralized Local MAPF,0,180.0,0,123,0,107,0.002
36,D2RO (SW-DGO Proposed),1,44.35,0,0,72,367,0.17
36,Static A*,1,18.0,0,135,0,0,0.003
36,Reactive Avoidance (Potential Field),1,37.5,0,189,0,0,0.009
36,Reactive ORCA (Velocity Obstacles),0,180.0,0,1094,0,0,0.017
36,Decentralized Local MAPF,0,180.0,0,135,0,107,0.002
37,D2RO (SW-DGO Proposed),1,63.25,0,0,73,613,0.104
37,Static A*,1,18.0,0,128,0,0,0.004
37,Reactive Avoidance (Potential Field),1,36.95,0,166,0,0,0.042
37,Reactive ORCA (Velocity Obstacles),0,180.0,0,1076,0,0,0.017
37,Decentralized Local MAPF,0,180.0,0,127,0,107,0.002
38,D2RO (SW-DGO Proposed),1,36.35,0,0,89,462,0.123
38,Static A*,1,18.0,0,131,0,0,0.003
38,Reactive Avoidance (Potential Field),1,36.55,0,375,0,0,0.015
38,Reactive ORCA (Velocity Obstacles),0,180.0,0,0,0,0,0.016
38,Decentralized Local MAPF,0,180.0,0,128,0,107,0.002
39,D2RO (SW-DGO Proposed),1,42.6,0,0,74,353,0.109
39,Static A*,1,18.0,0,131,0,0,0.003
39,Reactive Avoidance (Potential Field),1,37.25,0,161,0,0,0.009
39,Reactive ORCA (Velocity Obstacles),0,180.0,0,0,0,0,0.017
39,Decentralized Local MAPF,0,180.0,0,131,0,107,0.002
40,D2RO (SW-DGO Proposed),1,82.75,0,0,70,653,0.111
40,Static A*,1,18.0,0,124,0,0,0.003
40,Reactive Avoidance (Potential Field),1,37.35,0,223,0,0,0.009
40,Reactive ORCA (Velocity Obstacles),0,180.0,0,1207,0,0,0.016
40,Decentralized Local MAPF,0,180.0,0,124,0,107,0.003
41,D2RO (SW-DGO Proposed),1,28.4,0,0,95,583,0.22
41,Static A*,1,18.0,0,171,0,0,0.003
41,Reactive Avoidance (Potential Field),1,37.35,0,213,0,0,0.009
41,Reactive ORCA (Velocity Obstacles),0,180.0,0,226,0,0,0.013
41,Decentralized Local MAPF,0,180.0,0,228,0,107,0.002
42,D2RO (SW-DGO Proposed),1,21.15,0,0,86,393,0.227
42,Static A*,1,18.0,0,145,0,0,0.006
42,Reactive Avoidance (Potential Field),1,36.6,0,225,0,0,0.009
42,Reactive ORCA (Velocity Obstacles),0,180.0,0,186,0,0,0.015
42,Decentralized Local MAPF,0,180.0,0,351,0,107,0.002
43,D2RO (SW-DGO Proposed),1,34.35,0,0,75,436,0.207
43,Static A*,1,18.0,0,140,0,0,0.003
43,Reactive Avoidance (Potential Field),1,37.3,0,193,0,0,0.009
43,Reactive ORCA (Velocity Obstacles),0,180.0,0,2455,0,0,0.015
43,Decentralized Local MAPF,0,180.0,0,138,0,107,0.003
44,D2RO (SW-DGO Proposed),1,44.35,0,0,70,348,0.107
44,Static A*,1,18.0,0,139,0,0,0.003
44,Reactive Avoidance (Potential Field),1,36.95,0,334,0,0,0.013
44,Reactive ORCA (Velocity Obstacles),0,180.0,0,0,0,0,0.014
44,Decentralized Local MAPF,0,180.0,0,135,0,107,0.002
45,D2RO (SW-DGO Proposed),1,62.55,0,0,76,528,0.083
45,Static A*,1,18.0,0,133,0,0,0.003
45,Reactive Avoidance (Potential Field),1,37.55,0,173,0,0,0.01
45,Reactive ORCA (Velocity Obstacles),0,180.0,0,72,0,0,0.014
45,Decentralized Local MAPF,0,180.0,0,133,0,107,0.002
46,D2RO (SW-DGO Proposed),1,38.05,0,0,88,424,0.182
46,Static A*,1,18.0,0,127,0,0,0.003
46,Reactive Avoidance (Potential Field),1,36.95,0,214,0,0,0.01
46,Reactive ORCA (Velocity Obstacles),0,180.0,0,0,0,0,0.014
46,Decentralized Local MAPF,0,180.0,0,122,0,107,0.003
47,D2RO (SW-DGO Proposed),1,43.35,0,0,74,383,0.25
47,Static A*,1,18.0,0,134,0,0,0.004
47,Reactive Avoidance (Potential Field),1,38.4,0,241,0,0,0.011
47,Reactive ORCA (Velocity Obstacles),0,180.0,0,174,0,0,0.013
47,Decentralized Local MAPF,0,180.0,0,132,0,107,0.003
48,D2RO (SW-DGO Proposed),1,53.8,0,0,70,443,0.112
48,Static A*,1,18.0,0,133,0,0,0.005
48,Reactive Avoidance (Potential Field),1,36.75,0,187,0,0,0.009
48,Reactive ORCA (Velocity Obstacles),0,180.0,0,2064,0,0,0.016
48,Decentralized Local MAPF,0,180.0,0,133,0,107,0.002
49,D2RO (SW-DGO Proposed),1,47.5,0,0,75,512,0.138
49,Static A*,1,18.0,0,127,0,0,0.003
49,Reactive Avoidance (Potential Field),1,38.25,0,325,0,0,0.01
49,Reactive ORCA (Velocity Obstacles),0,180.0,0,704,0,0,0.016
49,Decentralized Local MAPF,0,180.0,0,128,0,107,0.002
50,D2RO (SW-DGO Proposed),1,31.4,0,0,86,417,0.26
50,Static A*,1,18.0,0,129,0,0,0.003
50,Reactive Avoidance (Potential Field),1,37.55,0,250,0,0,0.01
50,Reactive ORCA (Velocity Obstacles),0,180.0,0,1284,0,0,0.017
50,Decentralized Local MAPF,0,180.0,0,212,0,107,0.002
51,D2RO (SW-DGO Proposed),1,38.65,0,0,64,379,0.154
51,Static A*,1,18.0,0,129,0,0,0.003
51,Reactive Avoidance (Potential Field),1,37.5,0,208,0,0,0.011
51,Reactive ORCA (Velocity Obstacles),0,180.0,0,185,0,0,0.016
51,Decentralized Local MAPF,0,180.0,0,131,0,107,0.002
52,D2RO (SW-DGO Proposed),1,36.4,0,0,86,411,0.112
52,Static A*,1,18.0,0,122,0,0,0.003
52,Reactive Avoidance (Potential Field),1,37.55,0,273,0,0,0.009
52,Reactive ORCA (Velocity Obstacles),0,180.0,0,0,0,0,0.015
52,Decentralized Local MAPF,0,180.0,0,121,0,107,0.002
53,D2RO (SW-DGO Proposed),1,69.3,0,0,76,645,0.127
53,Static A*,1,18.0,0,125,0,0,0.003
53,Reactive Avoidance (Potential Field),1,37.3,0,224,0,0,0.009
53,Reactive ORCA (Velocity Obstacles),0,180.0,0,1160,0,0,0.017
53,Decentralized Local MAPF,0,180.0,0,125,0,107,0.003
54,D2RO (SW-DGO Proposed),1,45.75,0,0,72,339,0.117
54,Static A*,1,18.0,0,124,0,0,0.003
54,Reactive Avoidance (Potential Field),1,37.6,0,155,0,0,0.008
54,Reactive ORCA (Velocity Obstacles),0,180.0,0,0,0,0,0.015
54,Decentralized Local MAPF,0,180.0,0,126,0,107,0.002
55,D2RO (SW-DGO Proposed),1,44.35,0,0,72,372,0.209
55,Static A*,1,18.0,0,127,0,0,0.009
55,Reactive Avoidance (Potential Field),1,37.45,0,269,0,0,0.012
55,Reactive ORCA (Velocity Obstacles),0,180.0,0,0,0,0,0.016
55,Decentralized Local MAPF,0,180.0,0,123,0,107,0.003
56,D2RO (SW-DGO Proposed),0,180.0,0,182,84,1407,0.188
56,Static A*,1,18.0,0,143,0,0,0.003
56,Reactive Avoidance (Potential Field),1,37.0,0,204,0,0,0.015
56,Reactive ORCA (Velocity Obstacles),0,180.0,0,1169,0,0,0.016
56,Decentralized Local MAPF,0,180.0,0,140,0,107,0.002
57,D2RO (SW-DGO Proposed),1,49.8,0,0,74,478,0.132
57,Static A*,1,18.0,0,123,0,0,0.004
57,Reactive Avoidance (Potential Field),1,37.4,0,431,0,0,0.016
57,Reactive ORCA (Velocity Obstacles),0,180.0,0,135,0,0,0.017
57,Decentralized Local MAPF,0,180.0,0,122,0,107,0.002
58,D2RO (SW-DGO Proposed),1,40.75,0,0,73,464,0.139
58,Static A*,1,18.0,0,125,0,0,0.003
58,Reactive Avoidance (Potential Field),1,37.55,0,153,0,0,0.01
58,Reactive ORCA (Velocity Obstacles),0,180.0,0,278,0,0,0.015
58,Decentralized Local MAPF,0,180.0,0,125,0,107,0.002
59,D2RO (SW-DGO Proposed),1,57.2,0,0,73,585,0.133
59,Static A*,1,18.0,0,128,0,0,0.003
59,Reactive Avoidance (Potential Field),1,37.55,0,168,0,0,0.009
59,Reactive ORCA (Velocity Obstacles),0,180.0,0,0,0,0,0.014
59,Decentralized Local MAPF,0,180.0,0,129,0,107,0.003
60,D2RO (SW-DGO Proposed),1,44.35,0,0,72,396,0.118
60,Static A*,1,18.0,0,124,0,0,0.003
60,Reactive Avoidance (Potential Field),1,37.5,0,175,0,0,0.008
60,Reactive ORCA (Velocity Obstacles),0,180.0,0,33,0,0,0.013
60,Decentralized Local MAPF,0,180.0,0,123,0,107,0.003
61,D2RO (SW-DGO Proposed),1,38.5,0,0,88,401,0.142
61,Static A*,1,18.0,0,133,0,0,0.006
61,Reactive Avoidance (Potential Field),1,36.75,0,220,0,0,0.012
61,Reactive ORCA (Velocity Obstacles),0,180.0,0,0,0,0,0.015
61,Decentralized Local MAPF,0,180.0,0,132,0,107,0.002
62,D2RO (SW-DGO Proposed),1,76.95,0,0,70,526,0.097
62,Static A*,1,18.0,0,132,0,0,0.003
62,Reactive Avoidance (Potential Field),1,37.3,0,186,0,0,0.01
62,Reactive ORCA (Velocity Obstacles),0,180.0,0,0,0,0,0.013
62,Decentralized Local MAPF,0,180.0,0,132,0,107,0.002
63,D2RO (SW-DGO Proposed),1,53.0,0,0,72,448,0.135
63,Static A*,1,18.0,0,129,0,0,0.003
63,Reactive Avoidance (Potential Field),1,37.4,0,334,0,0,0.01
63,Reactive ORCA (Velocity Obstacles),0,180.0,0,101,0,0,0.016
63,Decentralized Local MAPF,0,180.0,0,131,0,107,0.003
64,D2RO (SW-DGO Proposed),1,41.6,0,0,88,673,0.189
64,Static A*,1,18.0,0,147,0,0,0.003
64,Reactive Avoidance (Potential Field),1,37.4,0,200,0,0,0.013
64,Reactive ORCA (Velocity Obstacles),0,180.0,0,2354,0,0,0.016
64,Decentralized Local MAPF,0,180.0,0,142,0,107,0.002
65,D2RO (SW-DGO Proposed),1,43.0,0,0,74,359,0.154
65,Static A*,1,18.0,0,131,0,0,0.003
65,Reactive Avoidance (Potential Field),1,37.6,0,306,0,0,0.009
65,Reactive ORCA (Velocity Obstacles),0,180.0,0,0,0,0,0.016
65,Decentralized Local MAPF,0,180.0,0,131,0,107,0.003
66,D2RO (SW-DGO Proposed),1,54.9,0,0,64,389,0.171
66,Static A*,1,18.0,0,136,0,0,0.003
66,Reactive Avoidance (Potential Field),1,37.55,0,283,0,0,0.011
66,Reactive ORCA (Velocity Obstacles),0,180.0,0,1258,0,0,0.017
66,Decentralized Local MAPF,0,180.0,0,134,0,107,0.003
67,D2RO (SW-DGO Proposed),1,50.0,0,0,94,630,0.122
67,Static A*,1,18.0,0,131,0,0,0.004
67,Reactive Avoidance (Potential Field),1,37.1,0,170,0,0,0.011
67,Reactive ORCA (Velocity Obstacles),0,180.0,0,36,0,0,0.015
67,Decentralized Local MAPF,0,180.0,0,128,0,107,0.003
68,D2RO (SW-DGO Proposed),1,75.45,0,455,126,732,0.163
68,Static A*,1,18.0,0,131,0,0,0.003
68,Reactive Avoidance (Potential Field),1,37.5,0,180,0,0,0.01
68,Reactive ORCA (Velocity Obstacles),0,180.0,0,164,0,0,0.016
68,Decentralized Local MAPF,0,180.0,0,128,0,107,0.002
69,D2RO (SW-DGO Proposed),1,74.25,0,180,128,721,0.125
69,Static A*,1,18.0,0,123,0,0,0.004
69,Reactive Avoidance (Potential Field),1,37.5,0,137,0,0,0.009
69,Reactive ORCA (Velocity Obstacles),0,180.0,0,1110,0,0,0.015
69,Decentralized Local MAPF,0,180.0,0,121,0,107,0.003
70,D2RO (SW-DGO Proposed),1,34.45,0,0,74,488,0.151
70,Static A*,1,18.0,0,116,0,0,0.003
70,Reactive Avoidance (Potential Field),1,37.55,0,184,0,0,0.011
70,Reactive ORCA (Velocity Obstacles),0,180.0,0,0,0,0,0.014
70,Decentralized Local MAPF,0,180.0,0,233,0,107,0.002
71,D2RO (SW-DGO Proposed),1,43.0,0,0,72,345,0.12
71,Static A*,1,18.0,0,123,0,0,0.003
71,Reactive Avoidance (Potential Field),1,37.6,0,231,0,0,0.015
71,Reactive ORCA (Velocity Obstacles),0,180.0,0,1003,0,0,0.015
71,Decentralized Local MAPF,0,180.0,0,121,0,107,0.003
72,D2RO (SW-DGO Proposed),1,35.4,0,0,73,473,0.17
72,Static A*,1,18.0,0,122,0,0,0.004
72,Reactive Avoidance (Potential Field),1,37.6,0,123,0,0,0.011
72,Reactive ORCA (Velocity Obstacles),0,180.0,0,2221,0,0,0.014
72,Decentralized Local MAPF,0,180.0,0,120,0,107,0.002
73,D2RO (SW-DGO Proposed),1,42.2,0,0,72,339,0.122
73,Static A*,1,18.0,0,138,0,0,0.003
73,Reactive Avoidance (Potential Field),1,37.55,0,280,0,0,0.012
73,Reactive ORCA (Velocity Obstacles),0,180.0,0,0,0,0,0.013
73,Decentralized Local MAPF,0,180.0,0,133,0,107,0.003
74,D2RO (SW-DGO Proposed),1,35.0,0,0,75,447,0.156
74,Static A*,1,18.0,0,121,0,0,0.003
74,Reactive Avoidance (Potential Field),1,37.1,0,183,0,0,0.008
74,Reactive ORCA (Velocity Obstacles),0,180.0,0,494,0,0,0.015
74,Decentralized Local MAPF,0,180.0,0,121,0,107,0.002
75,D2RO (SW-DGO Proposed),1,55.9,0,0,72,388,0.109
75,Static A*,1,18.0,0,131,0,0,0.003
75,Reactive Avoidance (Potential Field),1,37.45,0,195,0,0,0.009
75,Reactive ORCA (Velocity Obstacles),0,180.0,0,0,0,0,0.016
75,Decentralized Local MAPF,0,180.0,0,128,0,107,0.003
76,D2RO (SW-DGO Proposed),1,38.05,0,0,88,369,0.551
76,Static A*,1,18.0,0,137,0,0,0.004
76,Reactive Avoidance (Potential Field),1,37.6,0,456,0,0,0.009
76,Reactive ORCA (Velocity Obstacles),0,180.0,0,0,0,0,0.014
76,Decentralized Local MAPF,0,180.0,0,136,0,107,0.002
77,D2RO (SW-DGO Proposed),1,33.8,0,0,65,441,0.165
77,Static A*,1,18.0,0,125,0,0,0.005
77,Reactive Avoidance (Potential Field),1,37.55,0,184,0,0,0.009
77,Reactive ORCA (Velocity Obstacles),0,180.0,0,139,0,0,0.012
77,Decentralized Local MAPF,0,180.0,0,123,0,107,0.002
78,D2RO (SW-DGO Proposed),1,47.15,0,0,70,413,0.112
78,Static A*,1,18.0,0,125,0,0,0.003
78,Reactive Avoidance (Potential Field),1,37.45,0,247,0,0,0.01
78,Reactive ORCA (Velocity Obstacles),0,180.0,0,1511,0,0,0.014
78,Decentralized Local MAPF,0,180.0,0,122,0,107,0.003
79,D2RO (SW-DGO Proposed),1,37.35,0,0,75,426,0.189
79,Static A*,1,18.0,0,130,0,0,0.004
79,Reactive Avoidance (Potential Field),1,37.1,0,304,0,0,0.011
79,Reactive ORCA (Velocity Obstacles),0,180.0,0,0,0,0,0.014
79,Decentralized Local MAPF,0,180.0,0,130,0,107,0.004
80,D2RO (SW-DGO Proposed),1,71.45,0,0,73,656,0.122
80,Static A*,1,18.0,0,121,0,0,0.003
80,Reactive Avoidance (Potential Field),1,37.4,0,203,0,0,0.01
80,Reactive ORCA (Velocity Obstacles),0,180.0,0,2426,0,0,0.017
80,Decentralized Local MAPF,0,180.0,0,120,0,107,0.003
81,D2RO (SW-DGO Proposed),1,59.8,0,0,70,419,0.096
81,Static A*,1,18.0,0,131,0,0,0.003
81,Reactive Avoidance (Potential Field),1,37.25,0,198,0,0,0.013
81,Reactive ORCA (Velocity Obstacles),0,180.0,0,255,0,0,0.015
81,Decentralized Local MAPF,0,180.0,0,129,0,107,0.002
82,D2RO (SW-DGO Proposed),1,27.4,0,0,83,434,0.157
82,Static A*,1,18.0,0,124,0,0,0.003
82,Reactive Avoidance (Potential Field),1,37.55,0,172,0,0,0.009
82,Reactive ORCA (Velocity Obstacles),0,180.0,0,386,0,0,0.014
82,Decentralized Local MAPF,0,180.0,0,125,0,107,0.003
83,D2RO (SW-DGO Proposed),1,44.35,0,0,70,355,0.12
83,Static A*,1,18.0,0,127,0,0,0.003
83,Reactive Avoidance (Potential Field),1,37.45,0,203,0,0,0.017
83,Reactive ORCA (Velocity Obstacles),0,180.0,0,0,0,0,0.013
83,Decentralized Local MAPF,0,180.0,0,124,0,107,0.003
84,D2RO (SW-DGO Proposed),1,32.65,0,0,89,488,0.141
84,Static A*,1,18.0,0,126,0,0,0.003
84,Reactive Avoidance (Potential Field),1,37.55,0,208,0,0,0.009
84,Reactive ORCA (Velocity Obstacles),0,180.0,0,225,0,0,0.014
84,Decentralized Local MAPF,0,180.0,0,126,0,107,0.002
85,D2RO (SW-DGO Proposed),1,28.65,0,0,86,398,0.149
85,Static A*,1,18.0,0,130,0,0,0.004
85,Reactive Avoidance (Potential Field),1,37.15,0,198,0,0,0.012
85,Reactive ORCA (Velocity Obstacles),0,180.0,0,290,0,0,0.016
85,Decentralized Local MAPF,0,180.0,0,131,0,107,0.002
86,D2RO (SW-DGO Proposed),1,36.6,0,0,65,444,0.123
86,Static A*,1,18.0,0,129,0,0,0.003
86,Reactive Avoidance (Potential Field),1,37.55,0,315,0,0,0.01
86,Reactive ORCA (Velocity Obstacles),0,180.0,0,365,0,0,0.017
86,Decentralized Local MAPF,0,180.0,0,127,0,107,0.003
87,D2RO (SW-DGO Proposed),1,50.6,0,0,72,442,0.224
87,Static A*,1,18.0,0,127,0,0,0.003
87,Reactive Avoidance (Potential Field),1,37.3,0,374,0,0,0.012
87,Reactive ORCA (Velocity Obstacles),0,180.0,0,320,0,0,0.015
87,Decentralized Local MAPF,0,180.0,0,124,0,107,0.003
88,D2RO (SW-DGO Proposed),1,50.8,0,0,72,444,0.161
88,Static A*,1,18.0,0,120,0,0,0.003
88,Reactive Avoidance (Potential Field),1,37.4,0,178,0,0,0.01
88,Reactive ORCA (Velocity Obstacles),0,180.0,0,1135,0,0,0.015
88,Decentralized Local MAPF,0,180.0,0,121,0,107,0.003
89,D2RO (SW-DGO Proposed),1,48.95,0,0,70,416,0.289
89,Static A*,1,18.0,0,126,0,0,0.003
89,Reactive Avoidance (Potential Field),1,37.3,0,393,0,0,0.012
89,Reactive ORCA (Velocity Obstacles),0,180.0,0,306,0,0,0.015
89,Decentralized Local MAPF,0,180.0,0,123,0,107,0.002
90,D2RO (SW-DGO Proposed),1,48.75,0,0,72,459,0.139
90,Static A*,1,18.0,0,130,0,0,0.005
90,Reactive Avoidance (Potential Field),1,37.15,0,171,0,0,0.012
90,Reactive ORCA (Velocity Obstacles),0,180.0,0,416,0,0,0.014
90,Decentralized Local MAPF,0,180.0,0,132,0,107,0.002
91,D2RO (SW-DGO Proposed),1,54.85,0,0,72,438,0.12
91,Static A*,1,18.0,0,124,0,0,0.003
91,Reactive Avoidance (Potential Field),1,37.55,0,156,0,0,0.01
91,Reactive ORCA (Velocity Obstacles),0,180.0,0,266,0,0,0.015
91,Decentralized Local MAPF,0,180.0,0,124,0,107,0.002
92,D2RO (SW-DGO Proposed),1,42.6,0,0,74,328,0.137
92,Static A*,1,18.0,0,124,0,0,0.003
92,Reactive Avoidance (Potential Field),1,37.55,0,130,0,0,0.011
92,Reactive ORCA (Velocity Obstacles),0,180.0,0,376,0,0,0.017
92,Decentralized Local MAPF,0,180.0,0,121,0,107,0.003
93,D2RO (SW-DGO Proposed),1,42.8,0,0,72,343,0.108
93,Static A*,1,18.0,0,130,0,0,0.003
93,Reactive Avoidance (Potential Field),1,37.75,0,184,0,0,0.009
93,Reactive ORCA (Velocity Obstacles),0,180.0,0,205,0,0,0.015
93,Decentralized Local MAPF,0,180.0,0,127,0,107,0.002
94,D2RO (SW-DGO Proposed),1,71.85,0,0,75,641,0.162
94,Static A*,1,18.0,0,125,0,0,0.003
94,Reactive Avoidance (Potential Field),1,37.15,0,323,0,0,0.01
94,Reactive ORCA (Velocity Obstacles),0,180.0,0,2306,0,0,0.016
94,Decentralized Local MAPF,0,180.0,0,121,0,107,0.003
95,D2RO (SW-DGO Proposed),1,44.35,0,0,72,333,0.124
95,Static A*,1,18.0,0,129,0,0,0.004
95,Reactive Avoidance (Potential Field),1,37.55,0,307,0,0,0.019
95,Reactive ORCA (Velocity Obstacles),0,180.0,0,993,0,0,0.013
95,Decentralized Local MAPF,0,180.0,0,129,0,107,0.002
96,D2RO (SW-DGO Proposed),1,49.6,0,0,72,488,0.194
96,Static A*,1,18.0,0,120,0,0,0.003
96,Reactive Avoidance (Potential Field),1,37.45,0,222,0,0,0.01
96,Reactive ORCA (Velocity Obstacles),0,180.0,0,513,0,0,0.016
96,Decentralized Local MAPF,0,180.0,0,211,0,107,0.003
97,D2RO (SW-DGO Proposed),1,31.8,0,0,101,438,0.157
97,Static A*,1,18.0,0,138,0,0,0.003
97,Reactive Avoidance (Potential Field),1,37.55,0,187,0,0,0.012
97,Reactive ORCA (Velocity Obstacles),0,180.0,0,0,0,0,0.015
97,Decentralized Local MAPF,0,180.0,0,135,0,107,0.002
98,D2RO (SW-DGO Proposed),1,88.0,0,0,72,645,0.673
98,Static A*,1,18.0,0,128,0,0,0.003
98,Reactive Avoidance (Potential Field),1,37.3,0,199,0,0,0.009
98,Reactive ORCA (Velocity Obstacles),0,180.0,0,926,0,0,0.015
98,Decentralized Local MAPF,0,180.0,0,129,0,107,0.003
99,D2RO (SW-DGO Proposed),1,44.35,0,0,70,402,0.135
99,Static A*,1,18.0,0,129,0,0,0.003
99,Reactive Avoidance (Potential Field),1,37.45,0,413,0,0,0.012
99,Reactive ORCA (Velocity Obstacles),0,180.0,0,555,0,0,0.015
99,Decentralized Local MAPF,0,180.0,0,128,0,107,0.003
100,D2RO (SW-DGO Proposed),1,35.9,0,0,85,553,0.194
100,Static A*,1,18.0,0,119,0,0,0.004
100,Reactive Avoidance (Potential Field),1,37.55,0,161,0,0,0.009
100,Reactive ORCA (Velocity Obstacles),0,180.0,0,1156,0,0,0.013
100,Decentralized Local MAPF,0,180.0,0,118,0,107,0.002
