trial_id,cell,social_routing,yielding,success,timeout,makespan_s,intimate_exposure_person_ticks,intimate_exposure_person_s,intimate_encounters,replans
1,A_frozen_noyield,0,0,1,0,19.2,129,6.45,5,8
2,A_frozen_noyield,0,0,1,0,19.2,124,6.2,5,8
3,A_frozen_noyield,0,0,1,0,19.2,122,6.1,5,8
4,A_frozen_noyield,0,0,1,0,19.2,129,6.45,5,8
5,A_frozen_noyield,0,0,1,0,19.2,124,6.2,5,8
6,A_frozen_noyield,0,0,1,0,19.2,137,6.85,5,8
7,A_frozen_noyield,0,0,1,0,19.2,120,6.0,5,8
8,A_frozen_noyield,0,0,1,0,19.2,133,6.65,5,8
9,A_frozen_noyield,0,0,1,0,19.2,128,6.4,5,8
10,A_frozen_noyield,0,0,1,0,19.2,132,6.6,5,8
11,A_frozen_noyield,0,0,1,0,19.2,125,6.25,5,8
12,A_frozen_noyield,0,0,1,0,19.2,128,6.4,5,8
13,A_frozen_noyield,0,0,1,0,19.2,121,6.05,5,8
14,A_frozen_noyield,0,0,1,0,19.2,137,6.85,5,8
15,A_frozen_noyield,0,0,1,0,19.2,129,6.45,5,8
16,A_frozen_noyield,0,0,1,0,19.2,133,6.65,5,8
17,A_frozen_noyield,0,0,1,0,19.2,124,6.2,5,8
18,A_frozen_noyield,0,0,1,0,19.2,131,6.55,5,8
19,A_frozen_noyield,0,0,1,0,19.2,132,6.6,5,8
20,A_frozen_noyield,0,0,1,0,19.2,141,7.05,5,8
21,A_frozen_noyield,0,0,1,0,19.2,129,6.45,5,8
22,A_frozen_noyield,0,0,1,0,19.2,129,6.45,5,8
23,A_frozen_noyield,0,0,1,0,19.2,141,7.05,5,8
24,A_frozen_noyield,0,0,1,0,19.2,121,6.05,5,8
25,A_frozen_noyield,0,0,1,0,19.2,136,6.8,5,8
26,A_frozen_noyield,0,0,1,0,19.2,134,6.7,5,8
27,A_frozen_noyield,0,0,1,0,19.2,129,6.45,5,8
28,A_frozen_noyield,0,0,1,0,19.2,136,6.8,5,8
29,A_frozen_noyield,0,0,1,0,19.2,135,6.75,5,8
30,A_frozen_noyield,0,0,1,0,19.2,127,6.35,5,8
31,A_frozen_noyield,0,0,1,0,19.2,125,6.25,5,8
32,A_frozen_noyield,0,0,1,0,19.2,120,6.0,5,8
33,A_frozen_noyield,0,0,1,0,19.2,124,6.2,5,8
34,A_frozen_noyield,0,0,1,0,19.2,131,6.55,5,8
35,A_frozen_noyield,0,0,1,0,19.2,131,6.55,5,8
36,A_frozen_noyield,0,0,1,0,19.2,122,6.1,5,8
37,A_frozen_noyield,0,0,1,0,19.2,132,6.6,5,8
38,A_frozen_noyield,0,0,1,0,19.2,121,6.05,5,8
39,A_frozen_noyield,0,0,1,0,19.2,133,6.65,5,8
40,A_frozen_noyield,0,0,1,0,19.2,126,6.3,5,8
41,A_frozen_noyield,0,0,1,0,19.2,127,6.35,5,8
42,A_frozen_noyield,0,0,1,0,19.2,123,6.15,5,8
43,A_frozen_noyield,0,0,1,0,19.2,126,6.3,5,8
44,A_frozen_noyield,0,0,1,0,19.2,129,6.45,5,8
45,A_frozen_noyield,0,0,1,0,19.2,129,6.45,5,8
46,A_frozen_noyield,0,0,1,0,19.2,125,6.25,5,8
47,A_frozen_noyield,0,0,1,0,19.2,133,6.65,5,8
48,A_frozen_noyield,0,0,1,0,19.2,131,6.55,5,8
49,A_frozen_noyield,0,0,1,0,19.2,130,6.5,5,8
50,A_frozen_noyield,0,0,1,0,19.2,120,6.0,5,8
1,B_frozen_yield,0,1,0,1,180.0,915,45.75,7,9
2,B_frozen_yield,0,1,1,0,126.5,648,32.4,3,10
3,B_frozen_yield,0,1,0,1,180.0,893,44.65,6,8
4,B_frozen_yield,0,1,0,1,180.0,1360,68.0,6,9
5,B_frozen_yield,0,1,0,1,180.0,969,48.45,8,9
6,B_frozen_yield,0,1,1,0,118.15,805,40.25,10,10
7,B_frozen_yield,0,1,0,1,180.0,1359,67.95,12,9
8,B_frozen_yield,0,1,0,1,180.0,1052,52.6,6,9
9,B_frozen_yield,0,1,0,1,180.0,951,47.55,6,9
10,B_frozen_yield,0,1,0,1,180.0,920,46.0,7,9
11,B_frozen_yield,0,1,0,1,180.0,963,48.15,8,9
12,B_frozen_yield,0,1,0,1,180.0,974,48.7,9,9
13,B_frozen_yield,0,1,0,1,180.0,1419,70.95,22,9
14,B_frozen_yield,0,1,0,1,180.0,1309,65.45,10,8
15,B_frozen_yield,0,1,0,1,180.0,1753,87.65,13,9
16,B_frozen_yield,0,1,0,1,180.0,795,39.75,5,9
17,B_frozen_yield,0,1,0,1,180.0,950,47.5,7,8
18,B_frozen_yield,0,1,0,1,180.0,193,9.65,4,9
19,B_frozen_yield,0,1,0,1,180.0,481,24.05,4,8
20,B_frozen_yield,0,1,0,1,180.0,1421,71.05,10,8
21,B_frozen_yield,0,1,0,1,180.0,1045,52.25,7,8
22,B_frozen_yield,0,1,1,0,123.9,437,21.85,4,10
23,B_frozen_yield,0,1,0,1,180.0,927,46.35,6,9
24,B_frozen_yield,0,1,0,1,180.0,762,38.1,7,9
25,B_frozen_yield,0,1,0,1,180.0,655,32.75,7,9
26,B_frozen_yield,0,1,0,1,180.0,957,47.85,4,9
27,B_frozen_yield,0,1,0,1,180.0,927,46.35,6,8
28,B_frozen_yield,0,1,0,1,180.0,1044,52.2,9,9
29,B_frozen_yield,0,1,0,1,180.0,663,33.15,6,9
30,B_frozen_yield,0,1,0,1,180.0,297,14.85,7,9
31,B_frozen_yield,0,1,0,1,180.0,1559,77.95,6,8
32,B_frozen_yield,0,1,0,1,180.0,570,28.5,3,8
33,B_frozen_yield,0,1,0,1,180.0,713,35.65,10,9
34,B_frozen_yield,0,1,0,1,180.0,1110,55.5,7,9
35,B_frozen_yield,0,1,0,1,180.0,1140,57.0,15,9
36,B_frozen_yield,0,1,0,1,180.0,1045,52.25,4,9
37,B_frozen_yield,0,1,0,1,180.0,1836,91.8,11,9
38,B_frozen_yield,0,1,0,1,180.0,879,43.95,5,8
39,B_frozen_yield,0,1,1,0,131.15,719,35.95,7,10
40,B_frozen_yield,0,1,0,1,180.0,1163,58.15,12,9
41,B_frozen_yield,0,1,0,1,180.0,1839,91.95,13,9
42,B_frozen_yield,0,1,0,1,180.0,1278,63.9,12,9
43,B_frozen_yield,0,1,1,0,147.15,327,16.35,3,10
44,B_frozen_yield,0,1,0,1,180.0,925,46.25,9,9
45,B_frozen_yield,0,1,0,1,180.0,1105,55.25,10,8
46,B_frozen_yield,0,1,0,1,180.0,557,27.85,3,9
47,B_frozen_yield,0,1,0,1,180.0,1259,62.95,5,8
48,B_frozen_yield,0,1,1,0,127.6,1121,56.05,8,10
49,B_frozen_yield,0,1,0,1,180.0,1021,51.05,4,8
50,B_frozen_yield,0,1,0,1,180.0,1344,67.2,8,9
1,C_social_noyield,1,0,1,0,27.25,0,0.0,0,443
2,C_social_noyield,1,0,1,0,42.45,0,0.0,0,506
3,C_social_noyield,1,0,1,0,42.2,0,0.0,0,444
4,C_social_noyield,1,0,1,0,35.8,0,0.0,0,509
5,C_social_noyield,1,0,1,0,62.0,0,0.0,0,454
6,C_social_noyield,1,0,1,0,71.85,0,0.0,0,568
7,C_social_noyield,1,0,1,0,27.95,0,0.0,0,396
8,C_social_noyield,1,0,1,0,68.55,0,0.0,0,658
9,C_social_noyield,1,0,1,0,53.8,0,0.0,0,618
10,C_social_noyield,1,0,1,0,42.6,0,0.0,0,397
11,C_social_noyield,1,0,1,0,44.5,0,0.0,0,484
12,C_social_noyield,1,0,1,0,43.0,0,0.0,0,312
13,C_social_noyield,1,0,1,0,57.75,0,0.0,0,627
14,C_social_noyield,1,0,1,0,43.0,0,0.0,0,413
15,C_social_noyield,1,0,1,0,93.15,6,0.3,1,736
16,C_social_noyield,1,0,1,0,43.6,0,0.0,0,519
17,C_social_noyield,1,0,1,0,24.35,0,0.0,0,345
18,C_social_noyield,1,0,1,0,107.85,22,1.1,1,887
19,C_social_noyield,1,0,1,0,65.8,0,0.0,0,585
20,C_social_noyield,1,0,1,0,42.2,0,0.0,0,432
21,C_social_noyield,1,0,1,0,33.85,0,0.0,0,427
22,C_social_noyield,1,0,1,0,42.2,0,0.0,0,377
23,C_social_noyield,1,0,1,0,48.45,0,0.0,0,452
24,C_social_noyield,1,0,1,0,42.2,0,0.0,0,379
25,C_social_noyield,1,0,1,0,41.9,0,0.0,0,444
26,C_social_noyield,1,0,1,0,65.5,0,0.0,0,480
27,C_social_noyield,1,0,1,0,70.5,0,0.0,0,628
28,C_social_noyield,1,0,1,0,36.7,0,0.0,0,412
29,C_social_noyield,1,0,1,0,54.6,0,0.0,0,572
30,C_social_noyield,1,0,1,0,43.35,0,0.0,0,391
31,C_social_noyield,1,0,1,0,43.25,0,0.0,0,384
32,C_social_noyield,1,0,1,0,64.05,0,0.0,0,766
33,C_social_noyield,1,0,1,0,42.2,0,0.0,0,368
34,C_social_noyield,1,0,1,0,51.8,0,0.0,0,579
35,C_social_noyield,1,0,1,0,37.3,0,0.0,0,400
36,C_social_noyield,1,0,1,0,43.25,0,0.0,0,374
37,C_social_noyield,1,0,1,0,42.2,0,0.0,0,331
38,C_social_noyield,1,0,1,0,42.2,0,0.0,0,351
39,C_social_noyield,1,0,1,0,50.8,0,0.0,0,367
40,C_social_noyield,1,0,1,0,45.9,0,0.0,0,535
41,C_social_noyield,1,0,1,0,89.55,0,0.0,0,638
42,C_social_noyield,1,0,1,0,42.8,0,0.0,0,498
43,C_social_noyield,1,0,1,0,42.8,0,0.0,0,401
44,C_social_noyield,1,0,1,0,37.8,0,0.0,0,466
45,C_social_noyield,1,0,1,0,52.25,0,0.0,0,473
46,C_social_noyield,1,0,1,0,42.5,0,0.0,0,455
47,C_social_noyield,1,0,1,0,42.2,0,0.0,0,444
48,C_social_noyield,1,0,1,0,46.05,0,0.0,0,595
49,C_social_noyield,1,0,1,0,39.1,0,0.0,0,515
50,C_social_noyield,1,0,1,0,40.0,0,0.0,0,487
1,D_social_yield,1,1,1,0,27.25,0,0.0,0,443
2,D_social_yield,1,1,1,0,42.45,0,0.0,0,506
3,D_social_yield,1,1,1,0,42.2,0,0.0,0,444
4,D_social_yield,1,1,1,0,35.8,0,0.0,0,509
5,D_social_yield,1,1,1,0,62.0,0,0.0,0,454
6,D_social_yield,1,1,1,0,71.85,0,0.0,0,568
7,D_social_yield,1,1,1,0,27.95,0,0.0,0,396
8,D_social_yield,1,1,1,0,68.55,0,0.0,0,658
9,D_social_yield,1,1,1,0,53.8,0,0.0,0,618
10,D_social_yield,1,1,1,0,42.6,0,0.0,0,397
11,D_social_yield,1,1,1,0,44.5,0,0.0,0,484
12,D_social_yield,1,1,1,0,43.0,0,0.0,0,312
13,D_social_yield,1,1,1,0,57.75,0,0.0,0,627
14,D_social_yield,1,1,1,0,43.0,0,0.0,0,413
15,D_social_yield,1,1,1,0,57.35,126,6.3,1,649
16,D_social_yield,1,1,1,0,43.6,0,0.0,0,519
17,D_social_yield,1,1,1,0,24.35,0,0.0,0,345
18,D_social_yield,1,1,1,0,117.9,493,24.65,2,1086
19,D_social_yield,1,1,1,0,65.8,0,0.0,0,585
20,D_social_yield,1,1,1,0,42.2,0,0.0,0,432
21,D_social_yield,1,1,1,0,33.85,0,0.0,0,427
22,D_social_yield,1,1,1,0,42.2,0,0.0,0,377
23,D_social_yield,1,1,1,0,48.45,0,0.0,0,452
24,D_social_yield,1,1,1,0,42.2,0,0.0,0,379
25,D_social_yield,1,1,1,0,41.9,0,0.0,0,444
26,D_social_yield,1,1,1,0,65.5,0,0.0,0,480
27,D_social_yield,1,1,1,0,70.5,0,0.0,0,628
28,D_social_yield,1,1,1,0,36.7,0,0.0,0,412
29,D_social_yield,1,1,1,0,54.6,0,0.0,0,572
30,D_social_yield,1,1,1,0,43.35,0,0.0,0,391
31,D_social_yield,1,1,1,0,43.25,0,0.0,0,384
32,D_social_yield,1,1,1,0,64.05,0,0.0,0,766
33,D_social_yield,1,1,1,0,42.2,0,0.0,0,368
34,D_social_yield,1,1,1,0,51.8,0,0.0,0,579
35,D_social_yield,1,1,1,0,37.3,0,0.0,0,400
36,D_social_yield,1,1,1,0,43.25,0,0.0,0,374
37,D_social_yield,1,1,1,0,42.2,0,0.0,0,331
38,D_social_yield,1,1,1,0,42.2,0,0.0,0,351
39,D_social_yield,1,1,1,0,50.8,0,0.0,0,367
40,D_social_yield,1,1,1,0,45.9,0,0.0,0,535
41,D_social_yield,1,1,1,0,89.55,0,0.0,0,638
42,D_social_yield,1,1,1,0,42.8,0,0.0,0,498
43,D_social_yield,1,1,1,0,42.8,0,0.0,0,401
44,D_social_yield,1,1,1,0,37.8,0,0.0,0,466
45,D_social_yield,1,1,1,0,52.25,0,0.0,0,473
46,D_social_yield,1,1,1,0,42.5,0,0.0,0,455
47,D_social_yield,1,1,1,0,42.2,0,0.0,0,444
48,D_social_yield,1,1,1,0,46.05,0,0.0,0,595
49,D_social_yield,1,1,1,0,39.1,0,0.0,0,515
50,D_social_yield,1,1,1,0,40.0,0,0.0,0,487
